Country,Value
United States,18745.56372
Germany,8769.880653
Japan,6625.65991
France,5402.080678
Italy,5149.236346
Spain,2991.363838
United Kingdom,2342.282593
Poland,2045.587692
Netherlands,1859.77168
Sweden,1173.089486
